{"desc": "aging qtd data", "labels": [1.0, 2.0, 3.0, 4.0, 5.0, 6.0, 7.0, 8.0, 9.0, 10.0, 11.0, 12.0, 13.0, 14.0, 15.0, 16.0, 17.0, 18.0, 19.0, 20.0, 21.0, 22.0, 23.0, 24.0, 25.0, 26.0, 27.0, 28.0, 29.0, 30.0, 31.0, 32.0, 33.0, 34.0, 35.0, 36.0, 37.0, 38.0, 39.0, 40.0, 41.0, 42.0, 43.0, 44.0, 45.0, 46.0, 47.0, 48.0, 49.0, 50.0, 51.0, 52.0, 53.0, 54.0, 55.0, 56.0, 57.0, 58.0, 59.0, 60.0, 61.0, 62.0, 63.0, 64.0, 65.0, 66.0, 67.0, 68.0, 69.0, 70.0, 71.0, 72.0, 73.0, 74.0, 75.0, 76.0, 77.0, 78.0, 79.0, 80.0, 81.0, 82.0, 83.0, 84.0, 85.0, 86.0, 87.0, 88.0, 89.0, 90.0, 91.0, 92.0, 93.0, 94.0, 95.0, 96.0, 97.0, 98.0, 99.0, 100.0], "average": [0.02787118644067796, 0.03528813559322034, 0.10241132075471697, 0.1483, 0.19642142857142852, 0.25138333333333324, 0.30272931034482764, 0.31211636363636347, 0.2939981818181819, 0.2788372881355932, 0.2668553571428572, 0.2576187499999999, 0.25086949152542376, 0.24076779661016948, 0.22286727272727266, 0.213925, 0.2068907407407407, 0.19821272727272723, 0.1925314814814815, 0.19260677966101697, 0.18535636363636368, 0.1796232142857143, 0.1760775862068966, 0.17515000000000003, 0.1717063829787234, 0.16815517241379313, 0.16986071428571428, 0.16569245283018863, 0.16630892857142857, 0.1654983050847458, 0.1646719298245614, 0.15859636363636362, 0.16152881355932203, 0.16196727272727274, 0.16113773584905655, 0.16248103448275858, 0.165684, 0.1639457627118644, 0.16106923076923074, 0.1654135593220339, 0.16304999999999997, 0.1636830188679245, 0.16176724137931034, 0.1591517857142857, 0.15694727272727274, 0.15559444444444454, 0.1564803571428571, 0.15766779661016952, 0.15667288135593224, 0.15557800000000005, 0.15662203389830515, 0.15577627118644063, 0.15413035714285714, 0.15423888888888884, 0.1508927272727273, 0.1521089285714286, 0.15334137931034483, 0.15556415094339626, 0.15359999999999996, 0.1546288135593221, 0.15363461538461542, 0.154028, 0.15509491525423727, 0.15831206896551725, 0.15481509433962262, 0.15422181818181818, 0.1559949152542373, 0.1545981818181818, 0.1562771929824561, 0.1571881355932203, 0.1585125, 0.15845660377358486, 0.16000714285714288, 0.15926724137931034, 0.1594702127659575, 0.16285517241379308, 0.16501724137931037, 0.16652499999999995, 0.16823272727272728, 0.17259152542372883, 0.1747574074074074, 0.1740763636363637, 0.18129074074074072, 0.18099464285714287, 0.1839763636363636, 0.19265254237288132, 0.19669799999999998, 0.20522631578947367, 0.21375000000000005, 0.2249762711864406, 0.23251272727272723, 0.24782181818181828, 0.26506896551724135, 0.2881148148148148, 0.3147857142857143, 0.3499745098039215, 0.38107735849056606, 0.41821186440677965, 0.4311288135593219, 0.08056610169491524], "min": [0.0, 0.0, 0.0, 0.0, 0.0, 0.0, 0.0, 0.1739, 0.1711, 0.1637, 0.1532, 0.1419, 0.1311, 0.1401, 0.1249, 0.126, 0.1208, 0.12, 0.1186, 0.1091, 0.112, 0.1162, 0.1229, 0.1173, 0.1062, 0.1088, 0.1198, 0.1174, 0.1177, 0.1131, 0.1145, 0.1127, 0.1144, 0.113, 0.117, 0.116, 0.1047, 0.109, 0.109, 0.111, 0.1083, 0.1077, 0.1077, 0.103, 0.1068, 0.1149, 0.1086, 0.1068, 0.1128, 0.1099, 0.1098, 0.1148, 0.1148, 0.1055, 0.1012, 0.0992, 0.1011, 0.1047, 0.1102, 0.1041, 0.1103, 0.1113, 0.11, 0.1146, 0.1149, 0.1003, 0.1024, 0.094, 0.0995, 0.1013, 0.1109, 0.1138, 0.1139, 0.112, 0.1101, 0.1095, 0.1137, 0.1183, 0.121, 0.1117, 0.111, 0.1033, 0.1112, 0.1172, 0.1257, 0.1242, 0.1357, 0.1372, 0.1412, 0.1424, 0.1479, 0.1593, 0.1608, 0.1823, 0.198, 0.2092, 0.2358, 0.0, 0.0, 0.0], "max": [0.5404, 0.6185, 0.6959, 0.6952, 0.7206, 0.6709, 0.6807, 0.5564, 0.534, 0.5594, 0.5614, 0.5427, 0.483, 0.4429, 0.3609, 0.4007, 0.3766, 0.3129, 0.2965, 0.2976, 0.2722, 0.2902, 0.2807, 0.2704, 0.2551, 0.2405, 0.2518, 0.2415, 0.2425, 0.2613, 0.2451, 0.2267, 0.2382, 0.2329, 0.2258, 0.223, 0.2196, 0.2128, 0.2212, 0.2378, 0.2203, 0.2144, 0.2115, 0.2108, 0.203, 0.2084, 0.2156, 0.2127, 0.2108, 0.22, 0.1952, 0.2057, 0.22, 0.2079, 0.1983, 0.2077, 0.204, 0.2118, 0.2077, 0.2174, 0.2134, 0.2151, 0.2161, 0.2272, 0.221, 0.2112, 0.2234, 0.2115, 0.215, 0.2259, 0.2343, 0.2295, 0.2373, 0.2456, 0.2586, 0.2638, 0.258, 0.2485, 0.261, 0.2659, 0.2803, 0.2827, 0.2753, 0.2866, 0.2862, 0.2927, 0.293, 0.3284, 0.3303, 0.3514, 0.3559, 0.3774, 0.4278, 0.4467, 0.4723, 0.5284, 0.5525, 0.5756, 0.7803, 0.6876]}