{"labels": [1.0, 2.0, 3.0, 4.0, 5.0, 6.0, 7.0, 8.0, 9.0, 10.0, 11.0, 12.0, 13.0, 14.0, 15.0, 16.0, 17.0, 18.0, 19.0, 20.0, 21.0, 22.0, 23.0, 24.0, 25.0, 26.0, 27.0, 28.0, 29.0, 30.0, 31.0, 32.0, 33.0, 34.0, 35.0, 36.0, 37.0, 38.0, 39.0, 40.0, 41.0, 42.0, 43.0, 44.0, 45.0, 46.0, 47.0, 48.0, 49.0, 50.0, 51.0, 52.0, 53.0, 54.0, 55.0, 56.0, 57.0, 58.0, 59.0, 60.0, 61.0, 62.0, 63.0, 64.0, 65.0, 66.0, 67.0, 68.0, 69.0, 70.0, 71.0, 72.0, 73.0, 74.0, 75.0, 76.0, 77.0, 78.0, 79.0, 80.0, 81.0, 82.0, 83.0, 84.0, 85.0, 86.0, 87.0, 88.0, 89.0, 90.0, 91.0, 92.0, 93.0, 94.0, 95.0, 96.0, 97.0, 98.0, 99.0, 100.0], "qtd": [0.019649152542372882, 0.02395932203389831, 0.07757924528301886, 0.09803725490196077, 0.14963684210526315, 0.19472777777777772, 0.2491034482758621, 0.23929818181818183, 0.25325272727272724, 0.24456610169491524, 0.24206428571428576, 0.23769583333333333, 0.24068644067796613, 0.23254237288135587, 0.21639999999999995, 0.20658392857142854, 0.20218888888888886, 0.19344909090909096, 0.18955925925925926, 0.19015084745762706, 0.18441272727272726, 0.17847857142857135, 0.17570344827586215, 0.1751482758620689, 0.17320851063829792, 0.1689, 0.17026785714285708, 0.1664169811320755, 0.16826071428571426, 0.16886610169491525, 0.16568947368421055, 0.1616927272727273, 0.16403898305084744, 0.16486727272727264, 0.16444905660377362, 0.16451896551724135, 0.16793999999999998, 0.1669118644067797, 0.1638, 0.16789322033898305, 0.165275, 0.16568490566037736, 0.1637551724137931, 0.1615946428571429, 0.15999272727272731, 0.1587259259259259, 0.1599392857142857, 0.16183728813559328, 0.16119830508474575, 0.16293600000000003, 0.16130169491525428, 0.16019999999999995, 0.1591964285714286, 0.16039444444444445, 0.15657090909090912, 0.1569732142857143, 0.15919482758620687, 0.1614377358490566, 0.15889642857142858, 0.16047796610169496, 0.1596057692307692, 0.16068, 0.16122711864406775, 0.163703448275862, 0.16023207547169807, 0.15886, 0.16064915254237289, 0.15999636363636363, 0.15977543859649126, 0.16299152542372883, 0.1639803571428571, 0.16361698113207543, 0.16483571428571434, 0.1633275862068966, 0.16484680851063832, 0.16600689655172415, 0.1682448275862069, 0.16977142857142855, 0.1712218181818182, 0.17427627118644068, 0.17586296296296297, 0.1753618181818182, 0.18260000000000004, 0.18210357142857145, 0.18533999999999998, 0.19362881355932207, 0.19773799999999997, 0.20577192982456136, 0.21459107142857148, 0.22572542372881346, 0.23357636363636355, 0.2480254545454546, 0.26525689655172413, 0.287762962962963, 0.31510178571428565, 0.3487294117647058, 0.3820641509433962, 0.4180949152542373, 0.41977457627118636, 0.06895423728813559]}