{"desc": "COPD qtd data", "labels": [1.0, 2.0, 3.0, 4.0, 5.0, 6.0, 7.0, 8.0, 9.0, 10.0, 11.0, 12.0, 13.0, 14.0, 15.0, 16.0, 17.0, 18.0, 19.0, 20.0, 21.0, 22.0, 23.0, 24.0, 25.0, 26.0, 27.0, 28.0, 29.0, 30.0, 31.0, 32.0, 33.0, 34.0, 35.0, 36.0, 37.0, 38.0, 39.0, 40.0, 41.0, 42.0, 43.0, 44.0, 45.0, 46.0, 47.0, 48.0, 49.0, 50.0, 51.0, 52.0, 53.0, 54.0, 55.0, 56.0, 57.0, 58.0, 59.0, 60.0, 61.0, 62.0, 63.0, 64.0, 65.0, 66.0, 67.0, 68.0, 69.0, 70.0, 71.0, 72.0, 73.0, 74.0, 75.0, 76.0, 77.0, 78.0, 79.0, 80.0, 81.0, 82.0, 83.0, 84.0, 85.0, 86.0, 87.0, 88.0, 89.0, 90.0, 91.0, 92.0, 93.0, 94.0, 95.0, 96.0, 97.0, 98.0, 99.0, 100.0], "qtd": [0.0, 0.0, 0.0, 0.0, 0.0, 0.0, 0.0, 0.0, 0.0, 0.0, 0.0, 0.0, 0.45294, 0.5217999999999999, 0.45187999999999995, 0.44111666666666666, 0.39044999999999996, 0.36526, 0.3407333333333334, 0.30716, 0.2714666666666667, 0.24567999999999998, 0.22895, 0.2101166666666667, 0.20646, 0.19985, 0.19224000000000002, 0.1798, 0.18491666666666665, 0.18375999999999998, 0.17818333333333333, 0.17672000000000002, 0.17966666666666667, 0.17922, 0.1840166666666667, 0.18064999999999998, 0.18037999999999998, 0.1829333333333333, 0.19563999999999998, 0.19873333333333332, 0.20014000000000004, 0.1931166666666667, 0.18326666666666666, 0.19354, 0.19171666666666667, 0.1914, 0.18086666666666665, 0.1814, 0.18527999999999997, 0.18700000000000003, 0.17506, 0.17615, 0.17296000000000003, 0.1624, 0.15453333333333333, 0.1698, 0.17623333333333335, 0.17318, 0.17426666666666668, 0.17381666666666665, 0.18560000000000001, 0.16591666666666668, 0.16699999999999998, 0.17446666666666666, 0.19074, 0.18573333333333333, 0.1850166666666667, 0.19448, 0.19266666666666668, 0.19784, 0.18685, 0.19072, 0.1994, 0.1942, 0.19650000000000004, 0.1956, 0.20729999999999998, 0.19803333333333337, 0.1988333333333333, 0.19786, 0.20450000000000002, 0.21612, 0.22385, 0.23393999999999998, 0.24530000000000005, 0.27043333333333336, 0.2823, 0.33425, 0.37096, 0.4164166666666667, 0.45626000000000005, 0.5437833333333334, 0.5582666666666667, 0.0, 0.0, 0.0, 0.0, 0.0, 0.0, 0.0], "average": [0.0, 0.0, 0.0, 0.0, 0.0, 0.0, 0.0, 0.0, 0.0, 0.0, 0.0, 0.0, 0.45294, 0.5217999999999999, 0.45187999999999995, 0.44111666666666666, 0.39044999999999996, 0.36526, 0.3407333333333334, 0.30716, 0.2714666666666667, 0.24567999999999998, 0.22895, 0.2101166666666667, 0.20646, 0.19985, 0.19224000000000002, 0.1798, 0.18491666666666665, 0.18375999999999998, 0.17818333333333333, 0.17672000000000002, 0.17966666666666667, 0.17922, 0.1840166666666667, 0.18064999999999998, 0.18037999999999998, 0.1829333333333333, 0.19563999999999998, 0.19873333333333332, 0.20014000000000004, 0.1931166666666667, 0.18326666666666666, 0.19354, 0.19171666666666667, 0.1914, 0.18086666666666665, 0.1814, 0.18527999999999997, 0.18700000000000003, 0.17506, 0.17615, 0.17296000000000003, 0.1624, 0.15453333333333333, 0.1698, 0.17623333333333335, 0.17318, 0.17426666666666668, 0.17381666666666665, 0.18560000000000001, 0.16591666666666668, 0.16699999999999998, 0.17446666666666666, 0.19074, 0.18573333333333333, 0.1850166666666667, 0.19448, 0.19266666666666668, 0.19784, 0.18685, 0.19072, 0.1994, 0.1942, 0.19650000000000004, 0.1956, 0.20729999999999998, 0.19803333333333337, 0.1988333333333333, 0.19786, 0.20450000000000002, 0.21612, 0.22385, 0.23393999999999998, 0.24530000000000005, 0.27043333333333336, 0.2823, 0.33425, 0.37096, 0.4164166666666667, 0.45626000000000005, 0.5437833333333334, 0.5582666666666667, 0.0, 0.0, 0.0, 0.0, 0.0, 0.0, 0.0], "min": [0.0, 0.0, 0.0, 0.0, 0.0, 0.0, 0.0, 0.0, 0.0, 0.0, 0.0, 0.0, 0.0, 0.4562, 0.4324, 0.4068, 0.3683, 0.3553, 0.3214, 0.2923, 0.2595, 0.238, 0.2121, 0.2054, 0.2011, 0.1973, 0.1832, 0.1771, 0.1818, 0.1818, 0.1757, 0.1736, 0.1772, 0.1774, 0.1827, 0.1771, 0.1775, 0.18, 0.1925, 0.1957, 0.198, 0.187, 0.1814, 0.1879, 0.1862, 0.1866, 0.1731, 0.1729, 0.1829, 0.1821, 0.1709, 0.1727, 0.1693, 0.1599, 0.1517, 0.1576, 0.1732, 0.1721, 0.1697, 0.1684, 0.1781, 0.1578, 0.1634, 0.1661, 0.1857, 0.1816, 0.1816, 0.1918, 0.1908, 0.1908, 0.1815, 0.1795, 0.1969, 0.1887, 0.1893, 0.1876, 0.2048, 0.1895, 0.187, 0.1909, 0.2008, 0.2033, 0.208, 0.2132, 0.2391, 0.2462, 0.2686, 0.2678, 0.3332, 0.3577, 0.4325, 0.4936, 0.0, 0.0, 0.0, 0.0, 0.0, 0.0, 0.0, 0.0], "max": [0.0, 0.0, 0.0, 0.0, 0.0, 0.0, 0.0, 0.0, 0.0, 0.0, 0.0, 0.0, 0.6122, 0.6168, 0.4657, 0.4817, 0.4016, 0.3693, 0.3578, 0.3305, 0.2808, 0.2605, 0.2457, 0.2197, 0.2171, 0.2027, 0.2038, 0.183, 0.1869, 0.1847, 0.181, 0.1813, 0.1815, 0.1834, 0.1856, 0.1828, 0.1828, 0.1868, 0.201, 0.2023, 0.2016, 0.1955, 0.1867, 0.1996, 0.1973, 0.1964, 0.1865, 0.1867, 0.188, 0.1923, 0.18, 0.1775, 0.1779, 0.1657, 0.157, 0.1832, 0.1799, 0.1756, 0.179, 0.1792, 0.1917, 0.1758, 0.1695, 0.1841, 0.1951, 0.1904, 0.1898, 0.1972, 0.1955, 0.202, 0.1907, 0.2037, 0.2035, 0.2017, 0.2038, 0.2087, 0.2099, 0.2065, 0.2077, 0.2053, 0.2077, 0.2292, 0.2321, 0.2522, 0.2539, 0.2972, 0.2959, 0.3925, 0.3979, 0.4736, 0.4847, 0.6099, 0.8051, 0.0, 0.0, 0.0, 0.0, 0.0, 0.0, 0.0], "image": {"1": 556.0, "2": 551.0, "3": 546.0, "4": 540.0, "5": 534.0, "6": 529.0, "7": 523.0, "8": 518.0, "9": 512.0, "10": 506.0, "11": 501.0, "12": 495.0, "13": 490.0, "14": 484.0, "15": 479.0, "16": 473.0, "17": 467.0, "18": 462.0, "19": 456.0, "20": 451.0, "21": 445.0, "22": 440.0, "23": 434.0, "24": 428.0, "25": 423.0, "26": 417.0, "27": 412.0, "28": 406.0, "29": 400.0, "30": 395.0, "31": 389.0, "32": 384.0, "33": 378.0, "34": 373.0, "35": 367.0, "36": 361.0, "37": 356.0, "38": 350.0, "39": 345.0, "40": 339.0, "41": 334.0, "42": 328.0, "43": 322.0, "44": 317.0, "45": 311.0, "46": 306.0, "47": 300.0, "48": 294.0, "49": 289.0, "50": 283.0, "51": 278.0, "52": 272.0, "53": 267.0, "54": 261.0, "55": 255.0, "56": 250.0, "57": 244.0, "58": 239.0, "59": 233.0, "60": 227.0, "61": 222.0, "62": 216.0, "63": 211.0, "64": 205.0, "65": 200.0, "66": 194.0, "67": 188.0, "68": 183.0, "69": 177.0, "70": 172.0, "71": 166.0, "72": 161.0, "73": 155.0, "74": 149.0, "75": 144.0, "76": 138.0, "77": 133.0, "78": 127.0, "79": 121.0, "80": 116.0, "81": 110.0, "82": 105.0, "83": 99.0, "84": 94.0, "85": 88.0, "86": 82.0, "87": 77.0, "88": 71.0, "89": 66.0, "90": 60.0, "91": 55.0, "92": 49.0, "93": 43.0, "94": 38.0, "95": 32.0, "96": 27.0, "97": 21.0, "98": 15.0, "99": 10.0, "100": 3.0}}