{"desc": "COPD qtd data", "labels": [1.0, 2.0, 3.0, 4.0, 5.0, 6.0, 7.0, 8.0, 9.0, 10.0, 11.0, 12.0, 13.0, 14.0, 15.0, 16.0, 17.0, 18.0, 19.0, 20.0, 21.0, 22.0, 23.0, 24.0, 25.0, 26.0, 27.0, 28.0, 29.0, 30.0, 31.0, 32.0, 33.0, 34.0, 35.0, 36.0, 37.0, 38.0, 39.0, 40.0, 41.0, 42.0, 43.0, 44.0, 45.0, 46.0, 47.0, 48.0, 49.0, 50.0, 51.0, 52.0, 53.0, 54.0, 55.0, 56.0, 57.0, 58.0, 59.0, 60.0, 61.0, 62.0, 63.0, 64.0, 65.0, 66.0, 67.0, 68.0, 69.0, 70.0, 71.0, 72.0, 73.0, 74.0, 75.0, 76.0, 77.0, 78.0, 79.0, 80.0, 81.0, 82.0, 83.0, 84.0, 85.0, 86.0, 87.0, 88.0, 89.0, 90.0, 91.0, 92.0, 93.0, 94.0, 95.0, 96.0, 97.0, 98.0, 99.0, 100.0], "qtd": [0.0, 0.0, 0.0, 0.0, 0.0, 0.0, 0.0, 0.0, 0.6599166666666666, 0.5142166666666667, 0.4605600000000001, 0.3962833333333334, 0.38282, 0.3136, 0.28662, 0.2619166666666667, 0.24593333333333334, 0.22696, 0.22738333333333335, 0.21044000000000002, 0.20486666666666667, 0.19466, 0.2020833333333333, 0.19816666666666663, 0.20758000000000001, 0.19236666666666666, 0.19827999999999996, 0.19433333333333336, 0.20018333333333335, 0.18628, 0.1884, 0.19878, 0.19294999999999998, 0.19223999999999997, 0.18575, 0.18585, 0.18934, 0.17181666666666665, 0.16492, 0.16929999999999998, 0.18582, 0.17223333333333335, 0.17525, 0.17294, 0.1777, 0.16455999999999998, 0.15501666666666666, 0.1648, 0.17354, 0.1751, 0.17729999999999999, 0.18796666666666664, 0.18503999999999998, 0.17913333333333334, 0.18311666666666668, 0.19338000000000002, 0.19223333333333334, 0.19038, 0.1838, 0.19545, 0.19960000000000003, 0.19918333333333335, 0.1928, 0.18161666666666668, 0.18062, 0.18111666666666668, 0.1841, 0.17838, 0.17975, 0.17602, 0.1796, 0.18375999999999998, 0.18463333333333332, 0.17983333333333332, 0.19614, 0.19966666666666666, 0.20772, 0.21081666666666665, 0.23416666666666672, 0.24889999999999998, 0.2769333333333333, 0.31298000000000004, 0.34840000000000004, 0.36544, 0.39686666666666665, 0.45081666666666664, 0.45011999999999996, 0.5397000000000001, 0.34022, 0.0, 0.0, 0.0, 0.0, 0.0, 0.0, 0.0, 0.0, 0.0, 0.0, 0.0], "average": [0.0, 0.0, 0.0, 0.0, 0.0, 0.0, 0.0, 0.0, 0.6599166666666666, 0.5142166666666667, 0.4605600000000001, 0.3962833333333334, 0.38282, 0.3136, 0.28662, 0.2619166666666667, 0.24593333333333334, 0.22696, 0.22738333333333335, 0.21044000000000002, 0.20486666666666667, 0.19466, 0.2020833333333333, 0.19816666666666663, 0.20758000000000001, 0.19236666666666666, 0.19827999999999996, 0.19433333333333336, 0.20018333333333335, 0.18628, 0.1884, 0.19878, 0.19294999999999998, 0.19223999999999997, 0.18575, 0.18585, 0.18934, 0.17181666666666665, 0.16492, 0.16929999999999998, 0.18582, 0.17223333333333335, 0.17525, 0.17294, 0.1777, 0.16455999999999998, 0.15501666666666666, 0.1648, 0.17354, 0.1751, 0.17729999999999999, 0.18796666666666664, 0.18503999999999998, 0.17913333333333334, 0.18311666666666668, 0.19338000000000002, 0.19223333333333334, 0.19038, 0.1838, 0.19545, 0.19960000000000003, 0.19918333333333335, 0.1928, 0.18161666666666668, 0.18062, 0.18111666666666668, 0.1841, 0.17838, 0.17975, 0.17602, 0.1796, 0.18375999999999998, 0.18463333333333332, 0.17983333333333332, 0.19614, 0.19966666666666666, 0.20772, 0.21081666666666665, 0.23416666666666672, 0.24889999999999998, 0.2769333333333333, 0.31298000000000004, 0.34840000000000004, 0.36544, 0.39686666666666665, 0.45081666666666664, 0.45011999999999996, 0.5397000000000001, 0.34022, 0.0, 0.0, 0.0, 0.0, 0.0, 0.0, 0.0, 0.0, 0.0, 0.0, 0.0], "min": [0.0, 0.0, 0.0, 0.0, 0.0, 0.0, 0.0, 0.0, 0.6099, 0.4325, 0.4529, 0.3332, 0.3429, 0.2678, 0.2792, 0.2391, 0.2402, 0.208, 0.2139, 0.2008, 0.202, 0.187, 0.1906, 0.1895, 0.2048, 0.1876, 0.1941, 0.1887, 0.1969, 0.1795, 0.184, 0.1955, 0.1908, 0.186, 0.1816, 0.1816, 0.1841, 0.1661, 0.1578, 0.1621, 0.1792, 0.1684, 0.171, 0.1721, 0.1732, 0.157, 0.1517, 0.16, 0.1693, 0.1709, 0.1715, 0.1862, 0.1829, 0.1729, 0.1752, 0.1875, 0.1862, 0.1838, 0.1814, 0.1923, 0.198, 0.1957, 0.1868, 0.1789, 0.1775, 0.1771, 0.1827, 0.1774, 0.1772, 0.1736, 0.1757, 0.1818, 0.1818, 0.1771, 0.1866, 0.1973, 0.2011, 0.2054, 0.2184, 0.238, 0.2637, 0.2975, 0.3337, 0.3553, 0.381, 0.4251, 0.4324, 0.4741, 0.0, 0.0, 0.0, 0.0, 0.0, 0.0, 0.0, 0.0, 0.0, 0.0, 0.0, 0.0], "max": [0.0, 0.0, 0.0, 0.0, 0.0, 0.0, 0.0, 0.0, 0.8051, 0.5716, 0.4847, 0.4736, 0.3979, 0.371, 0.2959, 0.2972, 0.2539, 0.2522, 0.2321, 0.2228, 0.2077, 0.2053, 0.2077, 0.2073, 0.2099, 0.2034, 0.2038, 0.2017, 0.2037, 0.194, 0.1908, 0.202, 0.1972, 0.1954, 0.1904, 0.1911, 0.1951, 0.1777, 0.1695, 0.1781, 0.1917, 0.1792, 0.179, 0.1744, 0.1832, 0.1792, 0.1599, 0.1743, 0.1779, 0.1775, 0.1821, 0.1923, 0.188, 0.1852, 0.1866, 0.1965, 0.1996, 0.1972, 0.187, 0.201, 0.2016, 0.2023, 0.1961, 0.1857, 0.1828, 0.1829, 0.1856, 0.1792, 0.1815, 0.1813, 0.1847, 0.1847, 0.1869, 0.1832, 0.2038, 0.2016, 0.2171, 0.2197, 0.2457, 0.2605, 0.2923, 0.3305, 0.3674, 0.3693, 0.4068, 0.4817, 0.4657, 0.6168, 0.6122, 0.0, 0.0, 0.0, 0.0, 0.0, 0.0, 0.0, 0.0, 0.0, 0.0, 0.0], "image": {"1": 1.0, "2": 5.0, "3": 11.0, "4": 16.0, "5": 22.0, "6": 28.0, "7": 33.0, "8": 39.0, "9": 44.0, "10": 50.0, "11": 56.0, "12": 61.0, "13": 67.0, "14": 72.0, "15": 78.0, "16": 83.0, "17": 89.0, "18": 95.0, "19": 100.0, "20": 106.0, "21": 111.0, "22": 117.0, "23": 122.0, "24": 128.0, "25": 134.0, "26": 139.0, "27": 145.0, "28": 150.0, "29": 156.0, "30": 162.0, "31": 167.0, "32": 173.0, "33": 178.0, "34": 184.0, "35": 189.0, "36": 195.0, "37": 201.0, "38": 206.0, "39": 212.0, "40": 217.0, "41": 223.0, "42": 228.0, "43": 234.0, "44": 240.0, "45": 245.0, "46": 251.0, "47": 256.0, "48": 262.0, "49": 268.0, "50": 273.0, "51": 279.0, "52": 284.0, "53": 290.0, "54": 295.0, "55": 301.0, "56": 307.0, "57": 312.0, "58": 318.0, "59": 323.0, "60": 329.0, "61": 335.0, "62": 340.0, "63": 346.0, "64": 351.0, "65": 357.0, "66": 362.0, "67": 368.0, "68": 374.0, "69": 379.0, "70": 385.0, "71": 390.0, "72": 396.0, "73": 401.0, "74": 407.0, "75": 413.0, "76": 418.0, "77": 424.0, "78": 429.0, "79": 435.0, "80": 441.0, "81": 446.0, "82": 452.0, "83": 457.0, "84": 463.0, "85": 468.0, "86": 474.0, "87": 480.0, "88": 485.0, "89": 491.0, "90": 496.0, "91": 502.0, "92": 507.0, "93": 513.0, "94": 519.0, "95": 524.0, "96": 530.0, "97": 535.0, "98": 541.0, "99": 547.0, "100": 553.0}}