{"desc": "IPF qtd data", "labels": [1.0, 2.0, 3.0, 4.0, 5.0, 6.0, 7.0, 8.0, 9.0, 10.0, 11.0, 12.0, 13.0, 14.0, 15.0, 16.0, 17.0, 18.0, 19.0, 20.0, 21.0, 22.0, 23.0, 24.0, 25.0, 26.0, 27.0, 28.0, 29.0, 30.0, 31.0, 32.0, 33.0, 34.0, 35.0, 36.0, 37.0, 38.0, 39.0, 40.0, 41.0, 42.0, 43.0, 44.0, 45.0, 46.0, 47.0, 48.0, 49.0, 50.0, 51.0, 52.0, 53.0, 54.0, 55.0, 56.0, 57.0, 58.0, 59.0, 60.0, 61.0, 62.0, 63.0, 64.0, 65.0, 66.0, 67.0, 68.0, 69.0, 70.0, 71.0, 72.0, 73.0, 74.0, 75.0, 76.0, 77.0, 78.0, 79.0, 80.0, 81.0, 82.0, 83.0, 84.0, 85.0, 86.0, 87.0, 88.0, 89.0, 90.0, 91.0, 92.0, 93.0, 94.0, 95.0, 96.0, 97.0, 98.0, 99.0, 100.0], "average": [0.01683529411764706, 0.013767741935483871, 0.04621935483870968, 0.15364285714285714, 0.23583548387096775, 0.42994137931034493, 0.5541666666666667, 0.5560166666666666, 0.5903848484848485, 0.5461366666666667, 0.5326285714285713, 0.5413466666666664, 0.48645333333333324, 0.48760909090909094, 0.4615142857142857, 0.4589714285714286, 0.43910689655172414, 0.40193437499999995, 0.4067454545454546, 0.3897515151515152, 0.3666827586206896, 0.3793705882352941, 0.3450575757575758, 0.3489275862068966, 0.33897575757575765, 0.33378437499999997, 0.33874193548387094, 0.32853, 0.3186258064516129, 0.3067628571428571, 0.2913689655172414, 0.28964705882352937, 0.2960483870967742, 0.2830878787878789, 0.2847290322580645, 0.28394516129032255, 0.27794333333333326, 0.2691870967741935, 0.26602, 0.265509375, 0.2615606060606061, 0.2649129032258064, 0.25683428571428574, 0.2524709677419355, 0.25405, 0.24665806451612904, 0.2572909090909091, 0.24747419354838712, 0.24611562499999998, 0.25496874999999997, 0.24359999999999998, 0.24221612903225806, 0.24805454545454542, 0.24107419354838716, 0.24890333333333337, 0.24678064516129034, 0.2463428571428572, 0.2508290322580645, 0.24339090909090905, 0.24505624999999998, 0.23919333333333334, 0.23336206896551717, 0.238696875, 0.23460322580645168, 0.23575806451612902, 0.23394545454545448, 0.22894838709677418, 0.236885294117647, 0.23262413793103448, 0.22509142857142858, 0.22939354838709675, 0.23140999999999995, 0.23606774193548385, 0.23017499999999996, 0.22769090909090908, 0.23497241379310346, 0.23426969696969693, 0.24344705882352938, 0.23551724137931032, 0.22579090909090907, 0.24239393939393936, 0.23003437499999996, 0.2434758620689655, 0.2372914285714285, 0.24481071428571433, 0.24877575757575757, 0.22803571428571429, 0.258346875, 0.2519457142857143, 0.26764, 0.2766121212121212, 0.2849066666666667, 0.2993575757575757, 0.3194206896551724, 0.3487322580645161, 0.3936457142857142, 0.4163290322580645, 0.46059677419354833, 0.33571764705882357, 0.06814642857142857], "min": [0.0, 0.0, 0.0, 0.0, 0.0, 0.0, 0.0, 0.0, 0.3469, 0.3455, 0.3082, 0.2993, 0.268, 0.269, 0.2583, 0.2544, 0.2332, 0.2277, 0.2185, 0.2003, 0.1991, 0.1929, 0.1775, 0.1805, 0.1539, 0.1561, 0.1544, 0.1525, 0.1498, 0.1475, 0.1473, 0.1496, 0.1536, 0.1635, 0.1557, 0.1505, 0.1489, 0.1556, 0.1547, 0.1556, 0.1484, 0.1498, 0.14400000000000002, 0.1441, 0.1494, 0.1499, 0.1599, 0.1532, 0.1456, 0.1464, 0.1566, 0.1489, 0.1428, 0.1498, 0.1552, 0.1669, 0.1694, 0.1772, 0.1703, 0.1687, 0.1721, 0.1725, 0.1613, 0.1649, 0.1629, 0.1501, 0.1502, 0.1666, 0.1641, 0.1594, 0.1473, 0.159, 0.1507, 0.1529, 0.1523, 0.1558, 0.1592, 0.1628, 0.1626, 0.1571, 0.1648, 0.1636, 0.1623, 0.1654, 0.16399999999999998, 0.1662, 0.1649, 0.1612, 0.1641, 0.1824, 0.1961, 0.2071, 0.211, 0.2164, 0.2365, 0.2613, 0.2923, 0.0, 0.0, 0.0], "max": [0.4186, 0.4268, 0.6087, 0.9008, 0.8098, 0.8499, 0.8736, 0.8407, 0.8388, 0.8606, 0.7789, 0.7579, 0.7051, 0.7542, 0.7491, 0.7269, 0.7403, 0.6886, 0.6837, 0.6307, 0.6314, 0.616, 0.5747, 0.5962, 0.5554, 0.5405, 0.5594, 0.5405, 0.5028, 0.5292, 0.5307, 0.5112, 0.4992, 0.4652, 0.4639, 0.4681, 0.4738, 0.4613, 0.4573, 0.4347, 0.4035, 0.3942, 0.4061, 0.3977, 0.3864, 0.3885, 0.4198, 0.3966, 0.399, 0.406, 0.4033, 0.4075, 0.4177, 0.4236, 0.4218, 0.4229, 0.4116, 0.417, 0.3832, 0.3876, 0.3752, 0.3716, 0.3804, 0.3737, 0.3787, 0.3742, 0.3882, 0.3877, 0.3543, 0.3521, 0.366, 0.3709, 0.3931, 0.3808, 0.3895, 0.3978, 0.4161, 0.4466, 0.4362, 0.4508, 0.415, 0.4272, 0.4628, 0.443, 0.4585, 0.4569, 0.4425, 0.4614, 0.4865, 0.4882, 0.48, 0.4294, 0.4658, 0.5221, 0.5511, 0.6313, 0.7302, 0.7043, 0.7432, 0.672]}