{
    "nearPlane": 0.01890440535,
    "farPlane": 1843.87943940535,
    "timeEnabled": [0,0,0,0,0], "morphColour" : [0,0,0,0,0],
    "eyePosition": [
      190,
      -320,
      180
    ],
    "targetPosition": [
      180,
      170,
      -100
    ],
    "upVector": [
      0,
      0,
      1
    ]
  }